MEMBER_NAME,MEMBER_LAST_NAME,MEMBER_EMAIL,MEMBER_INVALID_EMAIL
Minetta,Downing,mdowning0@dropbox.com,Apt 1959
Hollis,Nelson,hnelson1@tuttocitta.it,9th Floor
Sanson,Hindenberger,shindenberger2@pen.io,PO Box 18037
Cati,Ferroli,cferroli3@youtube.com,Apt 14
Locke,Budgey,lbudgey4@desdev.cn,12th Floor
Mel,Tilford,mtilford5@theglobeandmail.com,Room 1121
Jeff,Winpenny,jwinpenny6@cdc.gov,Room 496
Uriah,Tieman,utieman7@wp.com,Suite 59
Mariann,Stinson,mstinson8@blogger.com,PO Box 67180
Brantley,Fulun,bfulun9@vkontakte.ru,Room 1334
Terrence,Currie,tcurriea@un.org,15th Floor
Pepita,Chalcraft,pchalcraftb@google.ru,Apt 1115
Jobey,Kiendl,jkiendlc@accuweather.com,1st Floor
Emmi,Retallick,eretallickd@livejournal.com,9th Floor
Delly,McRinn,dmcrinne@freewebs.com,Room 550
Alejandra,Kersting,akerstingf@youtu.be,Room 546
Alvis,McFayden,amcfaydeng@pinterest.com,20th Floor
Tommy,Cabane,tcabaneh@usda.gov,Suite 15
Elaina,Ruselin,eruselini@yellowbook.com,PO Box 99907
Georgi,Hayth,ghaythj@patch.com,PO Box 10761
Beilul,Fearey,bfeareyk@istockphoto.com,Apt 130
Jerald,Mitchelmore,jmitchelmorel@gmpg.org,16th Floor
Isabel,Tatam,itatamm@auda.org.au,Suite 9
Garrard,McGeachy,gmcgeachyn@ebay.co.uk,PO Box 23426
Amby,Walters,awalterso@twitpic.com,Apt 1190
Meg,Robel,mrobelp@ifeng.com,3rd Floor
Drusi,Kerrod,dkerrodq@ibm.com,Room 1534
Odette,Charte,ocharter@skype.com,Apt 1079
Georgiana,MacFarland,gmacfarlands@google.com.hk,Apt 1626
Ailsun,Corneil,acorneilt@prlog.org,6th Floor
Clareta,Crossgrove,ccrossgroveu@walmart.com,Room 198
Tillie,Ixor,tixorv@ocn.ne.jp,Room 837
Laura,Episcopi,lepiscopiw@webmd.com,7th Floor
Enos,Potier,epotierx@de.vu,13th Floor
Imelda,Yakuntsov,iyakuntsovy@a8.net,PO Box 19303
Claribel,Lawles,clawlesz@oakley.com,Room 1894
Lucas,Aplin,laplin10@taobao.com,Suite 48
Elnore,MacFadyen,emacfadyen11@yahoo.co.jp,Suite 6
Charil,Perrot,cperrot12@cnn.com,Apt 1474
Aggi,Shanks,ashanks13@flickr.com,19th Floor
Veronike,Hoggins,vhoggins14@sina.com.cn,Suite 58
Cherry,Rosenvasser,crosenvasser15@utexas.edu,Room 583
Delores,Titchard,dtitchard16@oakley.com,2nd Floor
Dermot,McDaid,dmcdaid17@instagram.com,Room 1100
Antonietta,Hubbins,ahubbins18@networkadvertising.org,Apt 49
Louisette,Jenkin,ljenkin19@altervista.org,Room 609
Charles,Crossby,ccrossby1a@sitemeter.com,1st Floor
Saraann,Ervine,servine1b@geocities.jp,Room 191
Rina,Venes,rvenes1c@springer.com,1st Floor
Atlante,Lochead,alochead1d@google.it,Room 696
